Query,Time (sec)
Q1,15.283461671
Q2,28.037554023
Q3 (SQL),8.419359936
Q3 (RDD),26.290583215
Q4,8.666663242
Q5,9.44860504
