Query,Time (sec)
Q1,14.490761879
Q2,34.604562174
Q3 (SQL),8.527864204
Q3 (RDD),29.975354725
Q4,9.954232646
Q5,10.195630753
